{
  "run_config": {
    "checkpoint": "lerobot/smolvla_base",
    "elixir_checkpoint": "/Users/edgar/.cache/huggingface/hub/models--lerobot--smolvla_base/snapshots/c83c3163b8ca9b7e67c509fffd9121e66cb96205",
    "dataset_root": "/Users/edgar/.cache/huggingface/lerobot/hub/datasets--lerobot--svla_so101_pickplace/snapshots/f641879e22172be7e8161d5e6c1503c2d2feb657",
    "n_holdout": 6,
    "steps": 20,
    "batch_size": 2,
    "n_frames_per_episode": 5,
    "n_throughput_calls": 10
  },
  "split": {
    "train_episodes": [
      1,
      2,
      3,
      4,
      5,
      6,
      7,
      9,
      10,
      11,
      12,
      13,
      14,
      15,
      17,
      18,
      19,
      20,
      21,
      22,
      23,
      25,
      26,
      27,
      28,
      29,
      30,
      31,
      33,
      34,
      35,
      36,
      37,
      38,
      39,
      41,
      42,
      43,
      44,
      45,
      46,
      47,
      48,
      49
    ],
    "holdout_episodes": [
      0,
      8,
      16,
      24,
      32,
      40
    ]
  },
  "python": {
    "accuracy": {
      "mean_absolute_error": 46.348505872458276,
      "max_absolute_error": 66.96596964823082,
      "per_episode_mean_absolute_error": {
        "0": 42.94355303180156,
        "8": 45.385694452010405,
        "16": 44.87584859028459,
        "24": 46.37185109244597,
        "32": 47.33638291527765,
        "40": 51.17770515292945
      },
      "n_frames_evaluated": 30
    },
    "throughput": {
      "actions_per_second": 3.0218716648159356,
      "seconds_per_action": 0.330920737516135,
      "n_calls": 10,
      "total_seconds": 3.3092073751613498
    }
  },
  "elixir": {
    "accuracy": {
      "mean_absolute_error": 38.801766659284496,
      "max_absolute_error": 59.001483307402424,
      "per_episode_mean_absolute_error": {
        "0": 35.12145103093857,
        "16": 37.3751235559086,
        "24": 38.6374743808036,
        "32": 39.77976691148989,
        "40": 43.61895208426053,
        "8": 38.27783199230581
      },
      "n_frames_evaluated": 30
    },
    "throughput": {
      "actions_per_second": 0.8189939772820899,
      "seconds_per_action": 1.2210101999999998,
      "n_calls": 10,
      "total_seconds": 12.210102
    }
  },
  "threshold": {
    "max_accuracy_regression_fraction": 0.2,
    "min_throughput_fraction": 0.1
  },
  "accuracy_regression_fraction": -0.16282594381663307,
  "throughput_fraction": 0.27102209098346186,
  "accuracy_passes": true,
  "throughput_passes": true,
  "passes": true,
  "summary": "Accuracy proxy (mean abs error, LOWER is better; NOT a live task-success rate -- see ADR-0009):\n  Python  (component 01.3): 46.348506 (max 66.965970, n=30 frames)\n  Elixir  (component 01.4): 38.801767 (max 59.001483, n=30 frames)\n  Elixir/Python regression: -16.3% (threshold: <= 20%)\n  Accuracy sub-verdict: PASS\n\nThroughput (actions/sec, HIGHER is better; each side's own infer_action adapter):\n  Python  (component 01.1): 3.0219 actions/sec (0.3309s/action)\n  Elixir  (component 01.2): 0.8190 actions/sec (1.2210s/action)\n  Elixir/Python ratio: 27.1% (threshold: >= 10%)\n  Throughput sub-verdict: PASS\n\nOverall: PASS -- cutover to Elixir-native as production trainer"
}